<?xml version="1.0" encoding="UTF-8"?>
<project-private xmlns="http://www.netbeans.org/ns/project-private/1">
    <editor-bookmarks xmlns="http://www.netbeans.org/ns/editor-bookmarks/2" lastBookmarkId="0"/>
    <open-files xmlns="http://www.netbeans.org/ns/projectui-open-files/2">
        <group>
            <file>file:/C:/Users/PC/Documents/NetBeansProjects/Pungo%20Andongo/src/pungo/andongo/ArquivoTxt.java</file>
            <file>file:/C:/Users/PC/Documents/NetBeansProjects/Pungo%20Andongo/src/pungo/andongo/Animal.java</file>
            <file>file:/C:/Users/PC/Documents/NetBeansProjects/Pungo%20Andongo/src/pungo/andongo/PungoAndongo.java</file>
            <file>file:/C:/Users/PC/Documents/NetBeansProjects/Pungo%20Andongo/src/pungo/andongo/Proprietario.java</file>
            <file>file:/C:/Users/PC/Documents/NetBeansProjects/Pungo%20Andongo/src/pungo/andongo/ListarAP.java</file>
            <file>file:/C:/Users/PC/Documents/NetBeansProjects/Pungo%20Andongo/src/pungo/andongo/BuscarProprietario.java</file>
            <file>file:/C:/Users/PC/Documents/NetBeansProjects/Pungo%20Andongo/src/pungo/andongo/Superclasse.java</file>
            <file>file:/C:/Users/PC/Documents/NetBeansProjects/Pungo%20Andongo/src/pungo/andongo/Visitas.java</file>
            <file>file:/C:/Users/PC/Documents/NetBeansProjects/Pungo%20Andongo/src/pungo/andongo/Validacao.java</file>
        </group>
    </open-files>
</project-private>
